{
  "accuracy": [
    0.6994463205337524,
    0.7087351083755493,
    0.7120896577835083,
    0.7137719988822937,
    0.7154577970504761,
    0.7169090509414673,
    0.7175004482269287,
    0.7191963791847229,
    0.7194445133209229,
    0.7195124626159668,
    0.721599280834198,
    0.7216469049453735,
    0.7227514982223511,
    0.7232137322425842,
    0.7229418158531189,
    0.7234584093093872,
    0.7266973853111267,
    0.7274519205093384,
    0.7277034521102905,
    0.7288793921470642,
    0.7286347150802612,
    0.7307758927345276,
    0.7306195497512817,
    0.7316085696220398,
    0.7312381267547607,
    0.7320130467414856,
    0.7325262427330017,
    0.7327199578285217,
    0.7323087453842163,
    0.7331957817077637,
    0.7335118651390076,
    0.7336750030517578,
    0.7345179319381714,
    0.7346538305282593,
    0.7345179319381714,
    0.7346368432044983,
    0.7343003749847412,
    0.7343445420265198,
    0.7345247268676758,
    0.734511137008667,
    0.7350379228591919,
    0.735092282295227,
    0.7340760827064514
  ],
  "loss": [
    0.5659577250480652,
    0.5534762144088745,
    0.5485925674438477,
    0.5452807545661926,
    0.5432584285736084,
    0.5413346886634827,
    0.5399672985076904,
    0.5386174321174622,
    0.5370060205459595,
    0.5362491011619568,
    0.5349552631378174,
    0.5342517495155334,
    0.5328608751296997,
    0.531923770904541,
    0.5314583778381348,
    0.5305780172348022,
    0.5262824892997742,
    0.5250133872032166,
    0.5241420865058899,
    0.5233049988746643,
    0.5226215720176697,
    0.5200670957565308,
    0.5186824202537537,
    0.5181968808174133,
    0.517830491065979,
    0.517261803150177,
    0.516297459602356,
    0.515307605266571,
    0.514776885509491,
    0.5146675705909729,
    0.5138236880302429,
    0.5137742757797241,
    0.5130982398986816,
    0.5129790902137756,
    0.5122211575508118,
    0.5123533010482788,
    0.5123793482780457,
    0.5123111009597778,
    0.5118257999420166,
    0.5116305947303772,
    0.5114951133728027,
    0.5115180015563965,
    0.5116823315620422
  ],
  "val_accuracy": [
    0.7056400179862976,
    0.6879004240036011,
    0.7158794403076172,
    0.7178124785423279,
    0.7160451412200928,
    0.7149405479431152,
    0.7205849885940552,
    0.7212035655975342,
    0.7208501100540161,
    0.7220209240913391,
    0.7216454148292542,
    0.7214244604110718,
    0.722606360912323,
    0.7224848866462708,
    0.7221755981445312,
    0.722926676273346,
    0.7227057814598083,
    0.7241085767745972,
    0.7233464121818542,
    0.7229487895965576,
    0.7222860455513,
    0.72402024269104,
    0.723224937915802,
    0.723898708820343,
    0.7241085767745972,
    0.7236336469650269,
    0.7245725393295288,
    0.7239318490028381,
    0.7239539623260498,
    0.7242190837860107,
    0.7237882614135742,
    0.7239871025085449,
    0.7246056795120239,
    0.7245062589645386,
    0.7241417169570923,
    0.724163830280304,
    0.7240423560142517,
    0.7239760756492615,
    0.7242190837860107,
    0.7236999273300171,
    0.7240312695503235,
    0.7240423560142517,
    0.7242411375045776
  ],
  "val_loss": [
    0.5527723431587219,
    0.5951542854309082,
    0.5406401753425598,
    0.5392165184020996,
    0.5427535176277161,
    0.5406339168548584,
    0.5360013842582703,
    0.5354431867599487,
    0.5360555648803711,
    0.5369925498962402,
    0.5351325869560242,
    0.5392841696739197,
    0.5354035496711731,
    0.5364308953285217,
    0.5378673076629639,
    0.5387448668479919,
    0.5387025475502014,
    0.5372729897499084,
    0.5420776009559631,
    0.543096125125885,
    0.5446657538414001,
    0.5395675897598267,
    0.5402104258537292,
    0.5401431918144226,
    0.5426027774810791,
    0.5424718260765076,
    0.5423171520233154,
    0.5426220297813416,
    0.5437386631965637,
    0.5432260632514954,
    0.5448504090309143,
    0.5444298982620239,
    0.544670820236206,
    0.545336127281189,
    0.5455946326255798,
    0.5460817217826843,
    0.5456637740135193,
    0.5460513830184937,
    0.5461397767066956,
    0.5461874604225159,
    0.5466324090957642,
    0.546362578868866,
    0.5462812185287476
  ],
  "learning_rate": [
    0.0010000000474974513,
    0.0010000000474974513,
    0.0010000000474974513,
    0.0010000000474974513,
    0.0010000000474974513,
    0.0010000000474974513,
    0.0010000000474974513,
    0.0010000000474974513,
    0.0010000000474974513,
    0.0010000000474974513,
    0.0010000000474974513,
    0.0010000000474974513,
    0.0010000000474974513,
    0.0010000000474974513,
    0.0010000000474974513,
    0.0010000000474974513,
    0.0005000000237487257,
    0.0005000000237487257,
    0.0005000000237487257,
    0.0005000000237487257,
    0.0005000000237487257,
    0.0002500000118743628,
    0.0002500000118743628,
    0.0002500000118743628,
    0.0002500000118743628,
    0.0002500000118743628,
    0.0001250000059371814,
    0.0001250000059371814,
    0.0001250000059371814,
    0.0001250000059371814,
    0.0001250000059371814,
    6.25000029685907e-05,
    6.25000029685907e-05,
    6.25000029685907e-05,
    6.25000029685907e-05,
    6.25000029685907e-05,
    3.125000148429535e-05,
    3.125000148429535e-05,
    3.125000148429535e-05,
    3.125000148429535e-05,
    3.125000148429535e-05,
    1.5625000742147677e-05,
    1.5625000742147677e-05
  ]
}